Date','first_name','last_name','Address','ZIP code','SSN','Medicaid Number
--9/13/2014','Elizabeth','Stephens','61783 Center Pass','46307','285-47-3806','146191497
---6/25/2014','Julie','Moore','6 Nelson Park','46311','919-34-8691','879620510
---4/18/2015','Mary','Bennett','31 Daystar Pass','46319','657-89-1756','148841158
---10/12/2014','Anne','Cook','5248 Morning Park','46320','808-11-5884','152417805
---6/25/2014','Kathy','Powell','05415 Ridge Oak Park','46321','736-47-9286','198954269
---10/11/2014','Carol','Little','2997 Anhalt Lane','46322','778-01-8377','99844465
---9/14/2014','Nicole','Washington','31233 Victoria Lane','46323','543-02-8419','391065343
---2/1/2015','Judy','Porter','4 Mccormick Crossing','46324','866-12-2269','18611554
8/16/2014','Brenda','Sanchez','75153 Rieder Park','46375','171-76-4294','154128308
6/26/2014','Nicole','Spencer','24 Maryland Court','46406','582-67-1435','261569916
5/23/2014','Kathy','Boyd','803 Pond Hill','46312','250-96-7131','873224370
12/20/2014','Rachel','Hudson','5619 Sundown Drive','46319','716-82-7052','803445872
5/2/2015','Sandra','Griffin','820 Schiller Way','46320','648-05-3394','702232067
12/6/2014','Kimberly','Hawkins','36454 Bonner Drive','46323','487-21-7871','109806262
9/3/2014','Ruby','Alexander','438 Rutledge Crossing','46324','174-83-2926','648226133
3/20/2015','Rachel','Harrison','93999 Hudson Drive','46327','944-46-7842','132278503
7/19/2014','Betty','Hughes','015 Northfield Hill','46342','956-76-2509','83245125
6/22/2014','Jessica','Gonzalez','53 Ridge Oak Drive','46394','257-88-8265','716076116
6/7/2014','Susan','Butler','9 Schurz Terrace','46402','353-11-4526','867606173
5/30/2014','Lois','Ford','52 Erie Point','46404','686-08-9691','725251748
11/30/2014','Melissa','Jacobs','683 Welch Point','46406','698-75-9026','560933450
8/28/2014','Rachel','Hall','4945 Toban Terrace','46408','550-61-4541','753880880
8/26/2014','Ruth','Jordan','544 Schlimgen Crossing','46410','502-71-7486','311839678
11/6/2014','Sandra','Lynch','9788 Talisman Park','46307','756-25-5689','770732345
11/23/2014','Diana','Watkins','51529 Homewood Alley','46342','276-59-7501','661312998
4/12/2015','Kathy','Bennett','22 Browning Drive','46402','949-86-5614','271688413
4/7/2015','Catherine','Brooks','4109 Dottie Plaza','46403','162-46-5084','839177404
5/23/2014','Janet','Wilson','71 Nova Parkway','46404','382-86-7199','92784991
2/10/2015','Anna','Williamson','053 Sheridan Park','46405','579-08-0562','52440491
12/27/2014','Ann','Lawson','20249 Charing Cross Court','46406','581-14-2464','407282990
3/23/2015','Carolyn','Garcia','725 Debra Terrace','46407','519-52-0482','620029175
6/1/2014','Cynthia','Rice','5782 Kenwood Trail','46408','744-77-1245','807669619
8/16/2014','Denise','Lynch','14878 Eastwood Pass','46409','248-65-6475','193313798
4/22/2015','Norma','Smith','902 Blackbird Terrace','46410','616-28-8508','53563933
11/25/2014','Nancy','Schmidt','0536 Glacier Hill Alley','46304','454-86-8614','634839279
7/21/2014','Angela','Little','70299 Sheridan Street','46342','690-66-7918','260727135
8/5/2014','Sara','James','326 Shasta Hill','46350','649-38-2889','391314824
7/31/2014','Ann','Burke','46785 Jana Park','46360','139-32-2475','778183229
12/12/2014','Evelyn','Reyes','0 Superior Point','46368','699-67-9337','748698289
1/27/2015','Judy','Ellis','3 School Road','46382','707-34-5395','18469831
3/23/2015','Marilyn','Reynolds','262 Bartillon Place','46383','266-62-1258','666606177
5/14/2014','Jean','Lawrence','89 Pearson Park','46385','741-31-5061','641176208
9/13/2014','Wanda','Harris','0191 Mcbride Parkway','46391','151-35-8477','102801298
4/22/2015','Carolyn','Payne','30469 Anhalt Alley','46403','981-08-7678','66789284
8/15/2014','Robin','Torres','12 Magdeline Court','46405','518-12-5039','616786195
4/27/2015','Patricia','Greene','4 Express Hill','46307','378-74-0411','953402282
4/26/2015','Paula','Adams','067 Menomonie Plaza','46310','696-51-4120','871043484
6/23/2014','Gloria','Morris','88 Thompson Park','46340','534-55-4443','21157140
7/15/2014','Sandra','Evans','83753 Susan Crossing','46341','826-74-8290','708765448
10/12/2014','Beverly','Hart','06 Hudson Place','46347','573-68-6391','876946044
1/3/2015','Paula','Mendoza','16265 Sage Street','46348','480-42-3480','454274216
11/29/2014','Lois','Burke','6 Melvin Court','46366','756-31-0717','553164946
10/6/2014','Stephanie','Ford','3855 Banding Crossing','46374','809-14-3191','514917644
9/9/2014','Dorothy','Bennett','514 Meadow Valley Parkway','46382','655-21-8446','412953881
2/6/2015','Debra','Washington','52933 Rowland Alley','46383','632-07-8315','580436261
9/22/2014','Emily','Washington','656 Hintze Terrace','46385','182-20-3783','21469787
11/29/2014','Katherine','Gomez','142 Dakota Road','46390','137-40-5440','931048206
6/9/2014','Margaret','Woods','673 Porter Alley','46391','105-69-5992','885835491
5/1/2015','Janice','Carter','48637 Sutteridge Crossing','46392','896-63-4599','311734757
6/15/2014','Lillian','Palmer','0 Prentice Center','46511','497-84-7799','833501096
4/11/2015','Marilyn','Howard','3 Forest Dale Junction','46534','336-90-2742','500059124
11/14/2014','Cheryl','Evans','23571 Troy Lane','46939','634-37-2053','115044239
12/4/2014','Virginia','Perkins','55 Montana Trail','46960','151-23-2036','157348713
5/19/2014','Diane','Morris','75 School Plaza','46978','899-33-9559','965431644
1/23/2015','Angela','Cook','0499 Eggendart Point','46985','498-34-9299','368007612
6/19/2014','Jessica','Morales','244 Longview Park','46996','690-45-6234','602548144
5/28/2014','Debra','Rodriguez','9710 Kropf Circle','47943','907-92-5372','940284082
2/5/2015','Norma','Bennett','4 Pearson Pass','47946','978-93-4736','25330163
3/21/2015','Cynthia','Hunt','840 Golden Leaf Avenue','47957','500-61-2851','167784834
10/7/2014','Anne','Black','38 Shoshone Street','47959','110-34-6250','817635960
10/29/2014','Nicole','Mason','6 Waxwing Avenue','47960','375-17-5337','870427547
12/28/2014','Lillian','Jacobs','15 Caliangt Plaza','47978','869-64-4287','435456899
1/15/2015','Wanda','Hall','6 Mcguire Crossing','46303','439-81-1098','955351053
4/16/2015','Jane','Young','32803 Helena Parkway','46307','201-87-5560','862356946
6/25/2014','Julie','Reid','402 Anniversary Hill','46310','731-66-7509','386488609
3/2/2015','Pamela','Gray','43 Anzinger Hill','46311','472-48-3809','919146496
10/23/2014','Norma','Stanley','5591 Center Hill','46341','448-50-9356','812066754
11/27/2014','Mildred','Marshall','3948 High Crossing Avenue','46349','511-24-0469','984489325
7/24/2014','Ruby','Holmes','982 West Street','46356','585-43-0609','446119804
4/30/2015','Jennifer','Johnston','98 Waywood Pass','46373','220-22-8139','644862072
1/20/2015','Debra','Crawford','21 Boyd Crossing','46375','296-97-1540','675662272
9/5/2014','Janet','Rogers','68 Troy Avenue','47917','958-85-5159','900989728
6/13/2014','Laura','Morales','3424 Florence Hill','47921','907-66-8676','702588491
8/4/2014','Julia','Simmons','4299 Waxwing Way','47922','902-27-4084','266585119
1/6/2015','Christine','Romero','488 Dovetail Center','47942','311-05-3669','678362038
12/14/2014','Shirley','Johnson','14 Pearson Place','47943','268-89-6669','37261103
1/14/2015','Helen','Duncan','854 Nevada Street','47944','397-87-4898','23223049
2/2/2015','Gloria','Moore','45013 Donald Park','47948','274-58-5452','642781939
8/13/2014','Paula','Mccoy','818 High Crossing Trail','47951','423-52-5915','524703534
4/16/2015','Alice','Tucker','7 Quincy Park','47963','726-29-4503','70113256
4/2/2015','Annie','Austin','554 Hudson Pass','47970','763-44-5683','675158884
1/13/2015','Tina','Morgan','4333 Northport Trail','47971','216-28-4289','122465493
11/9/2014','Annie','Ramos','30 Tomscot Junction','47975','180-62-6456','937059135
8/28/2014','Kathryn','Howell','8071 Warbler Circle','47977','974-01-4187','558661867
4/21/2015','Teresa','Watkins','388 Monument Road','47978','513-89-4538','659026958
7/7/2014','Christine','Hughes','62 Reindahl Drive','46035','865-63-9856','665901725
1/12/2015','Doris','Collins','3 Summer Ridge Avenue','46039','896-18-9095','776409478
8/11/2014','Sara','Lynch','855 American Avenue','46041','885-04-0710','292735877
8/30/2014','Cheryl','Reynolds','992 Oriole Court','46050','228-95-3567','116750714
7/22/2014','Jacqueline','Kelly','69 Rigney Park','46052','654-21-2907','181584989
5/18/2014','Linda','King','88422 Stang Junction','46057','513-51-8000','357000228
10/21/2014','Nicole','Ortiz','66631 Dennis Point','46058','705-93-0805','819723401
2/10/2015','Norma','George','3909 Stoughton Alley','46065','208-03-7498','418448465
7/24/2014','Jacqueline','Long','05953 Forest Run Pass','46069','395-16-7811','822697964
6/8/2014','Michelle','Gomez','5 Bartelt Place','46071','405-59-3597','130428780
2/6/2015','Jennifer','Rogers','5462 Ridgeview Way','46075','207-48-2571','558466524
9/13/2014','Anne','Frazier','83322 Sullivan Court','46077','975-08-5448','595955612
2/1/2015','Mildred','Griffin','3 Valley Edge Drive','46147','921-28-5468','938383351
12/24/2014','Helen','Freeman','95 Westend Place','46913','279-29-9624','969548133
1/11/2015','Heather','Black','5 Milwaukee Place','46920','547-46-2975','441511969
7/9/2014','Debra','Wallace','2 Forster Road','46923','829-01-1884','663626333
4/10/2015','Joan','Hicks','18035 Gulseth Terrace','46929','223-67-2170','198951877
4/1/2015','Cheryl','Weaver','47 Annamark Court','46978','541-70-9430','149558127
5/15/2014','Teresa','Sanchez','03684 Sutherland Trail','46979','292-51-2721','371882270
1/30/2015','Paula','Nelson','07799 Dennis Road','46985','493-84-3166','573342040
6/12/2014','Gloria','Hall','2 Kings Way','46996','163-35-1848','824263512
9/25/2014','Rose','Morris','0072 John Wall Circle','47901','590-56-4245','324812203
5/13/2014','Heather','Watson','2 Gale Lane','47904','920-05-1410','785462930
1/14/2015','Emily','Edwards','4 Nelson Pass','47905','853-99-9329','425882932
2/17/2015','Judith','Jordan','68 Little Fleur Trail','47906','973-65-9862','131998191
4/5/2015','Stephanie','Diaz','94 Fulton Drive','47909','422-69-0204','388832588
6/24/2014','Sarah','Grant','1 Independence Road','47920','942-24-3938','236653625
10/8/2014','Phyllis','Boyd','39035 Nova Center','47922','569-52-7031','211961398
12/24/2014','Rebecca','White','688 Warner Lane','47923','617-39-9269','621415292
11/29/2014','Amy','Collins','5652 Bobwhite Street','47926','997-02-2509','897598974
1/3/2015','Ashley','Fields','378 Reindahl Plaza','47929','762-94-5707','956782385
12/11/2014','Christina','Owens','8 Bartillon Junction','47930','534-62-2452','180372393
3/19/2015','Kimberly','Gonzalez','02449 Magdeline Trail','47946','500-86-4327','171219557
12/24/2014','Martha','Watson','5175 Lien Alley','47948','240-10-0260','713134098
10/28/2014','Lori','Smith','597 Texas Court','47950','101-06-4801','497816162
8/9/2014','Heather','Wright','5 Mendota Point','47959','577-35-7379','813067349
8/10/2014','Carolyn','Howard','02679 Transport Plaza','47960','372-98-4958','429306014
4/20/2015','Robin','Mills','8 Quincy Avenue','47970','810-46-4727','95361430
7/21/2014','Deborah','Nguyen','19714 School Park','47977','333-74-6351','530797571
8/10/2014','Beverly','Elliott','489 Blackbird Street','47978','323-75-0329','904307332
7/10/2014','Melissa','Coleman','94 Iowa Trail','47980','976-53-7451','238992334
9/9/2014','Annie','Williamson','115 Killdeer Street','47995','591-58-5866','843264671
3/17/2015','Anna','Ryan','90635 Aberg Center','46340','873-50-7751','179016986
7/9/2014','Angela','Harper','4571 Cottonwood Junction','46348','726-20-2327','548555697
12/8/2014','Cheryl','Myers','4 Menomonie Street','46350','855-63-1727','515772503
7/7/2014','Patricia','Walker','3990 American Ash Lane','46360','518-80-8926','909957347
2/16/2015','Nicole','Pierce','34269 Union Crossing','46365','249-70-4600','245842744
6/19/2014','Carol','Burns','0 Scoville Parkway','46366','550-69-1577','302929499
10/8/2014','Andrea','Rodriguez','264 Arrowood Point','46371','259-40-3720','204326038
4/11/2015','Patricia','Mendoza','6221 Linden Way','46382','804-10-7065','506437206
8/7/2014','Norma','Spencer','8 Riverside Place','46511','475-92-6123','538115776
11/3/2014','Pamela','King','3224 Burrows Crossing','46531','326-08-1569','348864608
8/16/2014','Jessica','Ramos','266 Lakewood Gardens Circle','46532','728-97-6479','424735383
5/3/2015','Jane','Ferguson','4 Ryan Terrace','46534','851-73-5399','801185829
10/7/2014','Teresa','Vasquez','4 Prairieview Crossing','46552','455-97-6320','550723858
7/15/2014','Jacqueline','Austin','9 Manitowish Circle','46554','209-92-6198','626314331
5/5/2015','Marilyn','Turner','7162 Northport Circle','46563','888-23-6925','18891585
2/9/2015','Karen','Duncan','7720 Scott Avenue','46574','843-93-8002','156938587
9/13/2014','Linda','Martinez','39 Clove Court','46614','915-18-9815','146990930
11/25/2014','Nancy','Ramirez','4 Northport Alley','46619','287-72-1565','431547844
9/20/2014','Paula','Peterson','46025 Johnson Terrace','46628','659-32-3507','836922497
3/1/2015','Robin','Jacobs','8 Beilfuss Point','46501','304-24-4685','727244443
4/29/2015','Brenda','Nguyen','080 Milwaukee Road','46504','278-37-6099','669037147
1/20/2015','Amy','Bradley','06 Waubesa Pass','46506','390-13-3074','921221528
3/22/2015','Catherine','Chavez','0 Straubel Center','46516','225-19-5097','861556647
3/11/2015','Annie','Patterson','76138 Gina Terrace','46517','644-42-9780','653777600
11/18/2014','Rose','Phillips','930 Evergreen Plaza','46524','369-46-7697','112296734
2/4/2015','Susan','Rose','8 Village Pass','46526','186-16-6965','651758494
1/17/2015','Jane','Myers','22198 Harbort Road','46536','990-78-8994','200834418
7/21/2014','Jacqueline','Riley','48089 Vermont Parkway','46538','490-78-2036','987318959
3/8/2015','Diane','Torres','8 Bashford Lane','46542','414-45-8686','804446673
12/22/2014','Beverly','Austin','8839 Clove Junction','46544','821-16-6313','515343144
5/16/2014','Stephanie','Ryan','92438 Kim Terrace','46550','959-23-3777','245117551
7/4/2014','Karen','Nelson','991 Transport Plaza','46553','851-64-4635','552085130
4/12/2015','Norma','Webb','690 Northview Circle','46555','372-21-3855','341098571
5/3/2015','Lois','Martinez','7999 Morning Way','46561','218-10-4865','406329074
1/10/2015','Deborah','Warren','48 Eagle Crest Lane','46562','833-43-5317','108914551
8/28/2014','Kathleen','Green','47 Dapin Pass','46563','907-84-7282','825017509
10/20/2014','Alice','Matthews','03 Daystar Plaza','46567','897-30-7286','932069864
10/20/2014','Rachel','Henderson','60285 Dawn Way','46573','720-99-4821','532192279
7/15/2014','Teresa','Ortiz','99242 Del Mar Terrace','46574','343-90-9137','854230565
4/10/2015','Phyllis','Mason','5312 Bunting Trail','46580','748-04-5670','377979456
7/23/2014','Jane','Roberts','639 Huxley Point','46582','489-00-8620','143629921
6/30/2014','Margaret','Sanchez','51 Crowley Terrace','46590','237-23-2397','533112461
8/1/2014','Rachel','Garcia','13961 Thierer Center','46614','511-77-8399','621260324
11/10/2014','Mildred','Larson','5735 Almo Terrace','46732','962-28-9090','988815794
10/23/2014','Catherine','George','42 Lakeland Pass','46544','185-36-4745','266734375
1/14/2015','Wanda','Cruz','70 Katie Lane','46545','206-76-5883','692912039
4/23/2015','Rose','Bennett','5 Golf Circle','46556','948-92-3543','514771804
5/21/2014','Jean','Perry','97 Namekagon Alley','46601','566-68-3996','453505652
4/21/2015','Lisa','Clark','6977 Farragut Lane','46613','456-73-0244','818893007
7/30/2014','Laura','Hernandez','135 Meadow Vale Pass','46614','416-37-8546','527109647
10/28/2014','Judy','Roberts','2 Anderson Park','46615','631-62-5944','826955525
3/23/2015','Sharon','Washington','4 Ridgeview Crossing','46616','220-14-6871','554217449
5/17/2014','Lisa','Crawford','00 Boyd Hill','46617','368-15-2473','715137765
6/9/2014','Helen','Carter','772 Elgar Terrace','46619','534-97-3814','749639312
8/28/2014','Cheryl','Green','76214 6th Street','46628','993-11-1162','670960988
3/20/2015','Mary','Fowler','6 Charing Cross Place','46635','551-54-0347','700482227
1/24/2015','Joan','Nguyen','00 Hollow Ridge Plaza','46637','546-76-7253','101601153
9/11/2014','Jean','Hill','3 Melody Point','46507','373-24-2539','901881893
5/8/2015','Andrea','Jacobs','35 Shoshone Road','46514','134-01-4237','948884234
1/8/2015','Julie','Riley','868 North Way','46516','423-07-1518','335666505
8/26/2014','Joyce','Rivera','5435 Ryan Court','46530','439-39-4130','363001342
7/5/2014','Christine','Wilson','9678 Monument Alley','46544','644-54-6657','12129640
5/21/2014','Janet','Smith','16104 Algoma Drive','46545','974-17-9689','889313609
9/27/2014','Lillian','Hamilton','4749 Rusk Plaza','46556','957-13-4022','566451132
8/15/2014','Ann','Cruz','4 Surrey Terrace','46561','348-30-5999','185214818
8/7/2014','Louise','Long','49366 Barnett Crossing','46635','692-47-1622','608370654
10/9/2014','Rose','Clark','02923 Norway Maple Plaza','46637','250-76-1131','949571619
1/1/2015','Lillian','Frazier','6 Steensland Avenue','46507','760-67-2972','785866183
12/5/2014','Ruth','Mason','810 Debs Park','46514','672-48-2044','539228946
3/22/2015','Paula','Franklin','976 Schurz Lane','46516','786-89-0546','374888071
3/22/2015','Frances','Turner','05356 Fallview Alley','46517','434-99-4738','710520901
8/3/2014','Shirley','Ramirez','6 Graceland Court','46526','536-18-7282','187449239
1/10/2015','Angela','Cooper','78528 Manufacturers Pass','46528','912-24-7679','816512630
8/30/2014','Teresa','Hudson','8498 Eastlawn Trail','46540','738-27-2538','851781210
1/31/2015','Irene','Perkins','928 Farmco Hill','46542','715-73-4342','988867863
12/5/2014','Joyce','Arnold','78 Talisman Parkway','46543','896-34-6138','909921865
1/28/2015','Julia','Banks','118 Magdeline Pass','46553','508-35-5251','497940783
6/23/2014','Nicole','Burton','31 Little Fleur Trail','46567','423-91-4786','73436683
10/18/2014','Barbara','Gray','0851 Mallard Street','46573','943-84-2803','120174
3/4/2015','Ruth','Long','875 Waywood Circle','46732','102-24-2108','248312399
2/23/2015','Ashley','Bowman','6407 Clarendon Avenue','46767','336-24-8923','281271525
11/9/2014','Lori','Austin','1426 East Pass','46540','135-93-4219','632210509
2/15/2015','Maria','Meyer','124 Buell Place','46543','861-90-5923','102733057
12/3/2014','Rachel','Chavez','94378 Loomis Place','46562','839-25-8134','138717741
4/28/2015','Carol','Meyer','290 Hudson Avenue','46565','886-69-8648','238535200
1/20/2015','Barbara','James','67 Lake View Hill','46571','692-90-6680','831591404
8/6/2014','Nicole','Mitchell','514 Morningstar Drive','46701','673-52-9530','175980264
1/21/2015','Heather','Hunter','233 Sheridan Lane','46703','675-53-5448','538113055
5/12/2015','Julie','Burton','3 Laurel Plaza','46705','419-30-7315','331665932
7/16/2014','Joyce','Gibson','34617 Oneill Lane','46706','591-59-0628','899729557
3/28/2015','Sara','Collins','262 Kings Avenue','46710','782-10-0520','907220058
12/31/2014','Nicole','Olson','0428 Ridgeview Road','46723','378-06-3514','452453365
12/29/2014','Jane','Wright','62145 Clarendon Center','46725','428-53-3202','545310099
1/10/2015','Kathryn','Duncan','94 Iowa Circle','46730','917-96-5564','798782131
1/29/2015','Theresa','Arnold','640 Anthes Road','46732','496-77-8650','402703302
8/26/2014','Lisa','Washington','06021 Rusk Street','46737','677-75-4635','882678068
8/17/2014','Karen','Stone','3927 Elka Trail','46738','454-20-3674','863186264
12/1/2014','Cynthia','Wallace','76 Stuart Road','46742','894-47-1117','313817683
3/20/2015','Jean','Little','75 Eagan Lane','46746','190-92-3033','317775493
1/27/2015','Ruth','Romero','6976 Atwood Court','46747','880-21-3476','659284701
4/12/2015','Amy','Morrison','5233 Vernon Lane','46748','442-92-0009','238058314
5/25/2014','Linda','Fowler','72 Petterle Pass','46755','540-59-7209','79656661
6/18/2014','Irene','Ford','8 Steensland Trail','46760','171-23-1297','146310898
5/9/2015','Sara','Davis','242 Loomis Hill','46761','195-26-8564','879375856
4/6/2015','Martha','Burke','23047 Pierstorff Terrace','46763','529-18-6096','244662516
6/3/2014','Janet','Reyes','7 Hoard Crossing','46764','991-51-0839','420218935
12/26/2014','Christina','Anderson','0 Fair Oaks Crossing','46767','950-30-4814','739662369
12/26/2014','Jean','Rose','167 6th Drive','46776','269-71-7751','470913107
6/14/2014','Helen','Kelly','05 Magdeline Way','46779','723-81-1089','233462881
5/21/2014','Maria','Harper','519 Nelson Junction','46784','187-95-6624','968308290
2/20/2015','Elizabeth','Kelly','25927 Melby Alley','46793','587-36-0138','690326644
10/27/2014','Lillian','Moore','4 Del Mar Center','46794','476-14-1662','209752251
5/1/2015','Anne','Jackson','15801 Namekagon Park','46795','971-01-0841','79477654
4/13/2015','Heather','Watkins','76 Longview Hill','46705','943-58-2468','324692284
2/11/2015','Kathryn','Garcia','643 North Lane','46706','921-25-9648','171253837
9/13/2014','Kimberly','Foster','7 Beilfuss Plaza','46721','781-76-4474','241525601
3/3/2015','Robin','Phillips','61 Weeping Birch Terrace','46733','614-81-5446','110433753
9/29/2014','Kathy','Thompson','09539 Mandrake Junction','46741','754-90-3934','485978760
9/15/2014','Donna','Garcia','0669 Weeping Birch Hill','46742','663-90-0213','692299103
5/30/2014','Norma','Washington','8 Clyde Gallagher Pass','46743','961-36-0207','381973657
6/5/2014','Gloria','Holmes','4 Anniversary Road','46745','670-46-1577','417039149
7/3/2014','Deborah','Lee','7190 Meadow Ridge Center','46765','116-30-2854','177274759
6/25/2014','Elizabeth','Jacobs','457 Twin Pines Trail','46773','774-96-5161','938327648
1/21/2015','Sarah','Young','45044 Victoria Point','46774','358-21-2314','960324877
6/8/2014','Angela','Mcdonald','463 Amoth Trail','46777','788-78-1236','77389311
9/18/2014','Martha','Frazier','46 Shoshone Court','46785','655-25-8150','389666445
9/22/2014','Laura','White','59918 Fordem Pass','46788','232-62-6453','583208239
12/27/2014','Robin','King','7779 Arizona Park','46793','719-27-9331','313460488
8/1/2014','Janet','Daniels','25992 Vera Way','46797','258-36-3389','458412890
3/10/2015','Stephanie','Lane','931 Pankratz Road','46803','518-43-2590','912969681
6/30/2014','Katherine','Franklin','842 Hallows Trail','46805','655-46-4576','718139877
7/3/2014','Sharon','Lee','95 Burrows Lane','46806','506-65-5672','660353918
4/20/2015','Barbara','Stevens','64 Meadow Valley Drive','46815','129-51-8236','653247555
5/7/2015','Martha','Hunt','44423 6th Parkway','46816','300-66-4359','273092264
1/28/2015','Janet','Griffin','1776 Milwaukee Parkway','46819','649-17-3470','667567668
9/15/2014','Kimberly','Murray','4853 Autumn Leaf Park','46825','153-75-4329','63512023
11/30/2014','Deborah','Long','852 South Drive','46835','650-70-1237','410924110
9/13/2014','Christina','Marshall','389 Dwight Circle','46845','546-52-2230','798789186
12/2/2014','Debra','Greene','99 Sugar Alley','46748','565-92-5567','864042387
6/25/2014','Denise','Brown','90518 Pleasure Avenue','46765','550-74-5664','371378789
2/13/2015','Paula','Mills','15061 Sunbrook Alley','46802','320-53-8265','7299468
5/4/2015','Jacqueline','Welch','25712 Division Way','46803','755-92-6975','928512255
3/19/2015','Denise','Ruiz','79851 Reinke Parkway','46805','460-25-0112','499052596
5/29/2014','Sarah','Miller','5052 Reindahl Street','46806','792-23-3515','64038062
10/27/2014','Jane','Robinson','86038 Dayton Avenue','46815','572-19-0028','139828045
4/18/2015','Janet','Cook','08 Hoepker Street','46816','188-32-0799','945693473
2/23/2015','Marie','Hudson','1408 Mayer Plaza','46818','555-45-0526','451973983
7/21/2014','Anne','Nichols','0 Ronald Regan Trail','46819','960-36-9580','206887746
2/22/2015','Anna','Diaz','46132 Morrow Road','46825','380-47-5284','798548899
6/18/2014','Margaret','Lane','5010 Coleman Alley','46835','539-13-8739','141392732
3/16/2015','Joan','Powell','7 Ohio Street','46845','423-02-5757','433815439
9/25/2014','Gloria','Ray','563 Corben Alley','46723','816-90-2456','200258009
6/30/2014','Melissa','Cook','7788 Gale Parkway','46725','791-52-7312','55277399
6/2/2014','Teresa','Coleman','5535 Carpenter Crossing','46748','682-22-5071','314248508
8/5/2014','Julie','Williams','53661 Sunfield Crossing','46777','115-73-4788','444577397
8/25/2014','Margaret','Kennedy','690 Reinke Lane','46783','241-58-3423','290472041
5/9/2015','Norma','Hicks','7735 Jackson Lane','46798','912-41-9729','322316506
5/31/2014','Jane','Harper','71760 5th Street','46802','337-46-6824','651253067
7/31/2014','Sarah','Fuller','18 Marquette Road','46803','119-80-4506','775348061
6/6/2014','Joan','Ross','244 Di Loreto Street','46804','730-35-1526','45126401
3/15/2015','Lisa','Evans','8 Talisman Junction','46805','151-06-8691','12360467
2/20/2015','Kathryn','Welch','81885 Roxbury Park','46806','404-82-3252','464572635
11/18/2014','Frances','Diaz','707 Village Court','46807','448-59-8727','74444181
10/19/2014','Kelly','Hayes','4018 Shasta Street','46808','790-35-7167','96813402
1/14/2015','Donna','Bell','9 Burning Wood Way','46809','239-01-6084','41270012
9/26/2014','Annie','Simmons','7 Spenser Street','46814','550-96-1916','227687253
10/8/2014','Catherine','Harrison','7 Fairview Center','46816','175-90-7387','121752033
6/3/2014','Mary','Ramos','42 Eastwood Parkway','46818','806-94-6222','7795151
6/9/2014','Kathleen','James','34342 Miller Lane','46819','614-48-7375','146845104
8/17/2014','Catherine','Spencer','75 Fallview Terrace','46825','402-19-9925','682160332
7/25/2014','Lisa','Spencer','3 Hauk Center','46562','340-04-1077','710694324
12/11/2014','Jacqueline','George','4 Service Alley','46702','997-49-3550','957210891
7/8/2014','Heather','Baker','43 Corben Drive','46723','425-96-2539','306179357
2/25/2015','Ashley','Scott','465 Pepper Wood Parkway','46725','909-76-7157','230627430
5/25/2014','Tammy','Gomez','4 Garrison Plaza','46750','617-54-7505','160217756
3/6/2015','Alice','Dunn','55253 Tennyson Terrace','46764','231-47-5483','811161927
6/18/2014','Kathy','Bell','8342 Waubesa Pass','46783','505-95-7176','581076917
7/7/2014','Virginia','Murphy','0872 Dryden Hill','46787','445-10-7851','70874463
10/7/2014','Betty','Gray','8246 Magdeline Hill','46792','382-50-4915','362214185
7/5/2014','Ann','Stone','39 Red Cloud Alley','46911','378-72-3866','120719042
11/19/2014','Amy','Carroll','8 Dahle Avenue','46919','393-48-4821','343675307
9/2/2014','Janice','Harper','58043 Stuart Avenue','46926','167-93-9583','723428073
8/19/2014','Karen','Green','704 Dorton Lane','46940','894-83-0767','208569654
6/16/2014','Nancy','Moreno','5 Westerfield Hill','46941','782-81-9289','100286521
2/15/2015','Jessica','Dixon','71196 Birchwood Center','46952','986-21-3797','786234132
8/22/2014','Janice','Hicks','054 Hazelcrest Plaza','46953','554-79-0410','131899680
1/2/2015','Lisa','Bennett','8 Farmco Crossing','46962','368-72-4006','668268305
4/4/2015','Denise','Reynolds','65382 Blue Bill Park Road','46970','253-28-4523','160142407
11/15/2014','Kimberly','Miller','3824 Nelson Road','46974','529-50-0656','44832790
7/19/2014','Laura','Gordon','6564 Summerview Park','46982','776-08-2670','12537303
1/23/2015','Sarah','Grant','07 Esch Trail','46986','528-98-8022','223338203
1/28/2015','Sandra','Green','166 Dwight Avenue','46990','792-34-2219','722671999
1/27/2015','Diane','Cunningham','843 Clove Circle','46991','708-13-5852','340927012
5/21/2014','Ruby','Stephens','958 Springview Place','46992','217-33-8523','490838853
10/8/2014','Ashley','Hall','27341 Hansons Center','46501','548-62-5838','376075261
9/1/2014','Linda','Miller','4693 Delaware Avenue','46504','805-05-8174','381385648
10/4/2014','Amanda','Fox','3 Fremont Avenue','46508','111-70-8640','515470363
1/24/2015','Anne','Hill','6318 Barnett Way','46510','974-20-7177','382232777
12/19/2014','Rebecca','Romero','6 Declaration Lane','46511','445-07-7371','85066212
10/21/2014','Susan','Hamilton','531 Sunbrook Road','46524','497-51-2573','564388781
12/11/2014','Alice','Powell','976 Nancy Court','46539','891-61-6259','265931079
1/8/2015','Carol','Bowman','442 Kim Court','46562','188-01-8802','839763760
1/1/2015','Susan','Palmer','910 Walton Place','46563','694-22-7599','973125158
10/2/2014','Catherine','Boyd','797 Huxley Junction','46570','543-80-6832','257716680
2/3/2015','Ann','Carpenter','3 Debra Trail','46580','466-90-7340','866003245
11/12/2014','Lori','Smith','68 Karstens Terrace','46787','230-74-1609','713111182
11/8/2014','Angela','Oliver','2 Schiller Pass','46901','871-68-1516','535642321
4/6/2015','Emily','Bishop','117 Bobwhite Avenue','46910','189-52-2720','369933645
6/9/2014','Laura','Palmer','19684 Roth Lane','46911','523-05-0162','416138195
10/14/2014','Deborah','Johnston','40671 Huxley Lane','46913','124-43-9541','577330900
5/7/2015','Karen','Tucker','7 Sunbrook Lane','46914','419-78-2954','564857632
1/2/2015','Louise','Spencer','31 Lerdahl Lane','46917','820-92-2133','505175724
6/2/2014','Shirley','Smith','216 Hallows Court','46919','256-19-5668','244912261
5/18/2014','Tammy','Harvey','82029 Union Drive','46923','901-04-2733','747294006
11/1/2014','Kathryn','Stone','9 Hanover Crossing','46926','143-65-7963','138579601
9/2/2014','Rose','Hudson','9 Dryden Alley','46929','726-46-6752','502608886
2/6/2015','Norma','Diaz','3040 Thierer Pass','46932','983-98-4952','544315371
5/9/2015','Christina','Robinson','8863 Waxwing Plaza','46939','390-79-5046','705198747
9/28/2014','Betty','Patterson','02 Northland Circle','46947','872-17-8558','434229568
2/23/2015','Nicole','Riley','7 Tomscot Junction','46950','856-99-9806','168254764
11/22/2014','Diana','Reed','2 Northwestern Crossing','46951','967-50-3706','6274147
10/3/2014','Cheryl','Little','11873 Claremont Place','46960','620-53-2116','791890585
8/14/2014','Mary','Martin','3 Mayfield Alley','46962','656-70-4814','603947482
11/18/2014','Julie','Morales','62657 Anzinger Parkway','46970','773-81-1766','816590325
11/29/2014','Margaret','Henderson','19 Melrose Circle','46974','405-90-3830','940659966
7/1/2014','Susan','Bradley','414 Marcy Drive','46975','397-00-1897','281875074
8/2/2014','Theresa','Gonzalez','33 Waubesa Alley','46978','227-16-6740','882519582
11/14/2014','Diane','Gomez','7 Erie Point','46982','621-88-1972','562366219
5/26/2014','Margaret','Fox','4 Lerdahl Park','46988','837-23-8569','639418726
1/3/2015','Susan','Tucker','14711 Randy Road','46994','134-31-1297','265682448
5/24/2014','Helen','Tucker','2 Clemons Circle','47926','249-21-9263','429109518
5/13/2014','Kimberly','Webb','033 Hovde Lane','47950','999-21-7743','511742442
8/19/2014','Kathleen','Myers','8 Eagan Trail','46070','663-32-8816','796707788
8/24/2014','Brenda','Foster','8488 Crest Line Junction','46711','836-47-2569','643205867
11/13/2014','Pamela','Turner','5700 Carey Alley','46714','279-18-0524','105502466
11/19/2014','Jane','Harvey','19204 Pankratz Lane','46731','879-81-2179','268935781
5/25/2014','Donna','Murphy','2 Blaine Court','46733','930-97-7608','838688224
2/4/2015','Sharon','Simpson','32266 Arizona Crossing','46740','613-50-0521','705461801
4/24/2015','Julie','Rice','42 Hoepker Plaza','46750','258-63-2547','364207195
3/30/2015','Denise','Lee','81 Mitchell Court','46759','519-10-2665','408557642
9/16/2014','Virginia','Black','2 Wayridge Lane','46766','717-80-7394','103849618
8/4/2014','Norma','Berry','14425 Schurz Plaza','46770','230-47-7504','618827485
10/18/2014','Frances','Burton','8 Golf Parkway','46772','272-87-2773','810127223
7/12/2014','Betty','Berry','74 Arkansas Parkway','46773','416-64-9228','308568372
10/18/2014','Margaret','Myers','6343 Roxbury Park','46777','456-77-1042','441903850
11/16/2014','Karen','Mason','43 Boyd Place','46781','765-90-0817','512222666
2/25/2015','Christina','Mccoy','363 Butterfield Park','46783','678-19-3959','842962323
7/6/2014','Marilyn','Banks','78834 Schmedeman Pass','46791','645-64-3600','425952173
11/15/2014','Lois','Long','42326 Reinke Avenue','46792','428-28-6576','556755945
2/9/2015','Patricia','Simmons','27316 Kinsman Circle','46798','708-88-7152','337429952
6/7/2014','Anne','Gomez','24 Mitchell Hill','46928','585-10-2678','512344813
11/11/2014','Amanda','Castillo','7743 Old Shore Trail','46933','245-17-7912','730372981
4/11/2015','Betty','Mason','0486 Jay Trail','46938','455-14-6803','834287546
7/30/2014','Stephanie','Simmons','7091 Jackson Alley','46952','894-52-4032','402629619
6/2/2014','Brenda','Wheeler','15866 Manley Avenue','46953','178-82-1117','637603980
6/13/2014','Rebecca','Roberts','807 Russell Terrace','46989','746-86-3420','759770115
12/15/2014','Patricia','Stanley','065 Melrose Alley','46991','506-11-3893','891216972
10/15/2014','Margaret','Welch','35298 Shoshone Alley','47326','805-00-2704','842164552
8/5/2014','Robin','Myers','91 Barby Center','47336','683-93-1753','19517749
12/27/2014','Lori','Wallace','8 Larry Crossing','47338','944-88-3058','862982221
8/23/2014','Norma','Harrison','4891 Dryden Park','47348','696-97-8833','842222874
10/5/2014','Deborah','Gibson','66 Anzinger Road','47359','991-58-2120','69290433
6/20/2014','Deborah','Lee','9384 Dakota Junction','47369','640-01-6855','470990145
3/3/2015','Phyllis','Diaz','93094 Helena Parkway','47371','280-91-5556','319810242
9/29/2014','Amanda','Hart','139 Farwell Parkway','47373','344-60-1442','664386641
4/9/2015','Sara','Vasquez','41712 Judy Park','47380','281-79-2866','281782102
10/27/2014','Tina','Kelley','50 Russell Trail','47381','443-45-6355','784743094
9/5/2014','Alice','Jacobs','33124 Atwood Plaza','47390','180-67-2910','475672652
7/27/2014','Kimberly','Burton','69621 Butterfield Street','46032','571-86-6187','315564852
7/14/2014','Lori','Gibson','7287 Lerdahl Court','46033','582-26-8500','815950236
2/18/2015','Frances','Richards','40624 Garrison Parkway','46034','773-81-7101','444672903
7/22/2014','Helen','Hayes','33 Rusk Lane','46037','910-66-7107','919279807
11/4/2014','Michelle','Hansen','3 Nevada Parkway','46038','305-28-2342','213813218
10/6/2014','Kathleen','Ramos','1 Susan Drive','46060','269-28-5337','780550661
12/8/2014','Lisa','Warren','88815 Armistice Point','46062','715-79-8779','785832730
3/22/2015','Kimberly','Perkins','31694 Memorial Lane','46069','468-10-1536','560531209
11/4/2014','Gloria','Hernandez','8664 Hanover Road','46074','771-59-3854','534066407
1/21/2015','Maria','Lee','78973 Messerschmidt Alley','46077','169-31-1849','932848577
8/11/2014','Melissa','Ward','533 Carey Place','46030','665-18-2681','729616568
11/4/2014','Rachel','Fox','366 Redwing Place','46031','941-14-4363','437150750
1/14/2015','Anna','Matthews','3424 Rusk Plaza','46034','115-99-0023','898758325
5/28/2014','Robin','Frazier','75 Dexter Crossing','46036','905-95-3578','631955278
12/12/2014','Tammy','Morgan','85 Ramsey Park','46039','508-81-6408','706997561
2/2/2015','Wanda','Johnson','0 Thierer Place','46041','129-14-2352','363516883
8/23/2014','Frances','Parker','478 Elgar Road','46049','721-45-5850','748800346
4/2/2015','Kathleen','Kelley','34895 Anhalt Court','46050','717-19-0912','253377200
5/27/2014','Anne','Gardner','4012 Lotheville Court','46057','519-22-6212','658793685
4/13/2015','Anne','Long','65 Waywood Drive','46060','391-27-0427','362275202
6/28/2014','Anne','Woods','01 Ridgeview Park','46062','963-68-3061','389385732
2/16/2015','Tina','Hernandez','641 South Road','46068','101-02-0245','796822088
12/18/2014','Mildred','Lane','86 Esch Parkway','46069','744-17-9618','965979662
7/17/2014','Judith','Schmidt','7176 Jenna Center','46072','233-59-9419','4235037
11/7/2014','Cynthia','Kelly','79 Pearson Pass','46076','810-30-6736','502436747
12/22/2014','Irene','Ellis','67453 Katie Street','46901','919-46-7616','861563100
12/22/2014','Irene','Gonzalez','9 Eagle Crest Pass','46902','412-98-9617','323129185
3/9/2015','Cheryl','Wagner','20 Dexter Drive','46919','582-83-7773','527284195
4/17/2015','Joyce','Long','1449 Forest Run Plaza','46928','939-23-1801','719726117
8/8/2014','Angela','Diaz','4 Melrose Park','46929','139-43-0291','575466507
8/30/2014','Kathryn','Bishop','3148 Talmadge Center','46932','142-93-4551','178197587
4/2/2015','Patricia','Nichols','021 Cherokee Parkway','46936','572-72-2435','499217024
11/5/2014','Phyllis','Rose','486 Welch Parkway','46952','802-08-6775','885970856
3/10/2015','Teresa','Bailey','8 Clarendon Park','46953','425-28-9442','14437051
8/18/2014','Shirley','Hayes','35 Bultman Park','46979','423-79-1694','8395953
7/25/2014','Joan','Cox','86407 Linden Pass','46986','946-62-9503','661536213
5/10/2015','Janice','Hart','96 Meadow Vale Junction','47901','595-09-3403','451822893
10/21/2014','Shirley','Mills','29295 Bellgrove Crossing','47904','523-15-4177','50929792
9/20/2014','Laura','Lee','4 Maple Wood Lane','47905','879-49-5270','601289261
6/1/2014','Ruth','Davis','817 Darwin Pass','47906','829-89-5680','375920741
9/24/2014','Nancy','Gomez','21377 Dunning Park','47907','599-46-0158','325532712
12/23/2014','Irene','Stephens','564 Novick Parkway','47909','229-15-5543','617667572
7/31/2014','Kathryn','Ferguson','9 Homewood Court','47918','330-14-8932','304848824
6/21/2014','Maria','Garcia','097 Grover Parkway','47920','220-51-0956','114456042
5/24/2014','Frances','Crawford','14 Dwight Terrace','47930','276-83-2587','526054395
5/23/2014','Frances','West','48 Hollow Ridge Circle','47955','177-40-5250','194424861
2/23/2015','Ruth','Cook','959 Katie Parkway','47967','966-11-2014','754708590
9/7/2014','Rachel','Nelson','43268 Packers Circle','47970','568-96-1519','424293217
11/8/2014','Shirley','Sanchez','64549 Grayhawk Point','47981','963-64-9976','111063161
8/23/2014','Julia','Peterson','3 Anhalt Point','47992','371-92-6393','847919049
12/31/2014','Christine','Griffin','16 Valley Edge Lane','46035','140-39-6957','100610248
8/30/2014','Susan','Romero','2177 Cherokee Street','46052','212-91-9207','309009839
10/31/2014','Christine','Williams','58800 Kim Circle','46075','845-88-1175','868551576
10/14/2014','Michelle','Perkins','16 Fuller Plaza','46077','217-77-8140','205592293
3/11/2015','Christine','Fernandez','87 Continental Crossing','46112','908-18-2634','755400359
3/29/2015','Amanda','Duncan','6 Garrison Road','46147','871-53-7878','861334334
8/20/2014','Anne','West','7 Leroy Junction','47832','223-12-0747','35499301
6/11/2014','Ann','Long','7 Thompson Way','47834','936-44-3228','685862805
9/25/2014','Theresa','Johnson','0 Dwight Avenue','47836','964-48-6928','802916821
11/19/2014','Lois','Tucker','0947 Eliot Street','47837','727-51-0379','579455523
9/17/2014','Martha','Howell','27 Mayer Crossing','47842','536-68-9296','702479500
4/1/2015','Rebecca','Jones','94620 Talmadge Plaza','47847','927-60-4459','908610884
12/8/2014','Katherine','Harris','2320 Moose Hill','47854','412-78-3899','334319842
12/23/2014','Robin','Long','95 Merrick Center','47859','193-29-8662','754855068
7/28/2014','Judy','Romero','9302 Victoria Way','47862','658-07-0470','572318201
10/4/2014','Marie','Moreno','9621 Brown Crossing','47872','640-96-5512','977945022
6/7/2014','Lois','Adams','6 Coleman Street','47874','599-50-1573','44472198
11/16/2014','Diane','Nichols','200 Schiller Place','47906','620-15-5959','84205277
12/20/2014','Judy','Ruiz','62955 Caliangt Junction','47917','634-73-8784','343368669
2/20/2015','Joan','Gardner','71391 Packers Pass','47918','602-56-2452','624381863
6/21/2014','Heather','Riley','1484 Wayridge Hill','47921','939-50-5127','337921180
12/21/2014','Michelle','Carpenter','67 Basil Center','47928','786-10-0488','663395808
3/18/2015','Heather','Wallace','8974 Hauk Pass','47932','284-45-0689','678998690
2/15/2015','Jane','George','91978 Dixon Trail','47933','193-92-5965','233040904
10/28/2014','Amy','Baker','10 Crescent Oaks Avenue','47940','530-66-2573','382378002
12/6/2014','Cheryl','Harvey','82623 School Way','47944','378-11-3439','115900503
10/7/2014','Jane','Green','9 Barby Lane','47949','635-95-4102','447957125
12/25/2014','Lois','Olson','6867 Independence Parkway','47952','835-91-0568','190358674
12/4/2014','Dorothy','Gutierrez','8 Del Sol Avenue','47954','947-84-3634','117523872
3/16/2015','Rose','Murray','4 Cascade Junction','47955','377-43-4629','649106852
9/22/2014','Amy','Mitchell','393 Tennessee Lane','47967','542-46-8055','432816846
8/15/2014','Sandra','Rice','1 New Castle Crossing','47968','701-02-1993','264285488
3/31/2015','Angela','Gilbert','4173 Superior Circle','47970','710-56-6642','401671463
8/15/2014','Helen','Bennett','391 Hanson Junction','47974','370-12-0916','150805338
11/27/2014','Mildred','White','38 Fuller Center','47975','247-86-2196','320969109
4/16/2015','Diane','Gordon','77273 Kropf Avenue','47981','318-60-0340','324658000
2/6/2015','Ashley','Willis','502 Roxbury Street','47987','239-72-7258','929673590
12/24/2014','Ashley','Stanley','1 Sauthoff Parkway','47989','283-42-4046','866843118
9/5/2014','Helen','Stanley','44 Kennedy Circle','47990','540-43-8204','677826897
1/23/2015','Jennifer','Kelly','9633 Marcy Trail','47991','789-98-1818','26791093
8/23/2014','Laura','Matthews','10 Fordem Lane','47993','200-38-4792','908757436
11/3/2014','Betty','Harvey','5551 Sheridan Road','47994','380-65-6980','800784068
8/25/2014','Stephanie','Bailey','71 Bunting Pass','46105','910-47-0595','564061800
3/20/2015','Karen','Simpson','5539 Annamark Center','46112','441-20-7156','827426729
1/29/2015','Karen','Carter','276 Badeau Center','46118','652-16-0401','557766803
2/17/2015','Cynthia','Allen','16 Buell Pass','46121','915-59-6181','936248251
5/26/2014','Deborah','Washington','1256 Granby Circle','46122','792-55-3415','244964271
10/31/2014','Joyce','Cunningham','4491 Orin Park','46123','862-51-6670','248709053
12/12/2014','Rachel','Garcia','25 Stuart Trail','46128','893-32-4833','772947958
7/15/2014','Betty','Perez','1563 Sachtjen Crossing','46135','793-24-1723','916613712
8/17/2014','Catherine','Day','02428 Atwood Road','46147','308-62-0423','163520683
1/27/2015','Joyce','Sanchez','085 Oriole Junction','46149','367-13-4086','735499815
12/10/2014','Kimberly','Rivera','0 Mayer Center','46165','124-55-5110','920397962
8/8/2014','Jane','Kelly','2 Everett Alley','46167','622-63-0312','150059436
8/13/2014','Kathleen','Franklin','9118 Tony Road','46168','714-42-3164','407249858
8/4/2014','Kelly','Sanders','04018 Emmet Avenue','46172','628-38-4509','861648253
6/2/2014','Sara','Webb','244 Derek Way','46175','830-22-4478','730777140
8/4/2014','Nancy','Barnes','1194 Washington Circle','46180','516-51-1539','646108280
7/10/2014','Angela','Anderson','6 Thompson Hill','46231','729-13-1215','308592856
10/20/2014','Christina','Young','8303 Sheridan Crossing','46234','517-17-9967','255904890
2/5/2015','Michelle','Hamilton','67724 American Ash Alley','46278','775-11-7106','662385293
9/26/2014','Linda','Stone','3453 Annamark Hill','47989','373-05-9119','789905665
10/26/2014','Barbara','Smith','91791 Huxley Circle','46011','920-24-9762','332714804
10/2/2014','Maria','Bailey','4 Roth Place','46012','638-54-3361','101703199
6/8/2014','Virginia','Adams','33 Harbort Pass','46013','751-89-3633','660186518
10/20/2014','Laura','Murray','9 Golden Leaf Avenue','46016','782-18-3349','409417185
7/27/2014','Sara','Ross','35080 Gulseth Trail','46017','691-31-7215','901749409
6/13/2014','Melissa','Boyd','00065 Victoria Junction','47302','156-44-2823','843429822
3/7/2015','Annie','Dunn','79 Continental Parkway','47303','391-86-4169','41142678
3/6/2015','Joan','Harper','32382 Moulton Point','47304','865-24-2965','105063074
7/29/2014','Cynthia','Larson','914 Raven Hill','47305','507-02-6658','460341940
2/21/2015','Martha','Fernandez','2 Johnson Circle','47306','325-75-6405','355036507
7/21/2014','Debra','Williamson','578 Carioca Lane','47320','201-77-0673','570291641
9/1/2014','Diana','Brown','126 Mcbride Place','47334','846-89-0005','512647285
10/12/2014','Angela','Kim','160 Pond Drive','47354','764-16-8124','552635094
11/10/2014','Norma','Harris','12557 Lighthouse Bay Junction','47356','322-55-6371','751935633
11/2/2014','Joan','Shaw','5019 Anniversary Avenue','47368','203-88-0483','334256867
1/15/2015','Diana','Flores','841 Del Sol Point','47383','785-77-4270','233079380
4/15/2015','Martha','Frazier','14007 Harper Park','47396','108-28-3257','676435197
10/8/2014','Ann','Andrews','21402 Mallory Street','46001','323-48-2802','201214012
11/27/2014','Nancy','Washington','3 Calypso Avenue','46011','650-42-3527','373492559
10/3/2014','Patricia','Greene','57 Clyde Gallagher Plaza','46012','364-84-7369','76813454
7/3/2014','Anna','Grant','301 Nancy Parkway','46013','606-21-0451','868171491
10/19/2014','Gloria','Phillips','3 Anhalt Point','46017','915-27-2681','901633779
3/14/2015','Bonnie','Miller','4936 David Pass','46036','582-22-2948','425503403
3/17/2015','Janet','Day','14082 Mesta Drive','46040','523-89-8223','742820392
7/12/2014','Jean','Hudson','74135 Delladonna Lane','46044','492-99-4777','174737947
2/5/2015','Diane','Smith','308 Bunting Terrace','46048','949-95-0715','394835872
9/12/2014','Michelle','Richards','589 Hooker Lane','46051','745-18-8177','474800017
11/14/2014','Margaret','Sanders','2749 Onsgard Trail','46056','596-91-1483','650430047
10/16/2014','Patricia','Marshall','809 Anhalt Court','46064','713-80-0335','120521464
2/21/2015','Kimberly','Anderson','476 Hovde Street','46070','654-60-3548','331489098
3/27/2015','Julie','Castillo','6 Miller Junction','47302','529-94-3722','382233180
6/5/2014','Amy','Gilbert','2473 Shasta Court','47303','682-39-5426','749026004
6/25/2014','Carolyn','Bryant','1 Banding Street','47304','999-50-8155','763801957
8/27/2014','Alice','Mason','8138 Little Fleur Hill','47320','388-65-8638','115587106
3/19/2015','Rachel','Bowman','41 Oneill Road','47334','105-70-0910','726712897
6/6/2014','Joan','Lynch','00 Clyde Gallagher Pass','47336','234-35-9915','801179855
7/30/2014','Ruby','Warren','79 West Park','47338','238-96-6470','689630995
3/19/2015','Kelly','Parker','2005 Beilfuss Plaza','47342','823-94-9989','723545224
9/26/2014','Judith','Reyes','7139 Gerald Pass','47346','553-01-0284','210895888
9/21/2014','Lillian','Garcia','030 Caliangt Point','47348','492-23-7695','269172669
5/18/2014','Julie','Welch','4 Kennedy Lane','47354','307-73-9579','14064482
5/3/2015','Anne','Snyder','322 Donald Plaza','47356','700-56-4986','377566080
5/29/2014','Wanda','Gibson','6 Ryan Parkway','47360','748-00-6596','532142543
2/28/2015','Jacqueline','Fox','5 Eagan Lane','47362','242-21-0631','75693350
7/19/2014','Debra','Marshall','04 Express Pass','47368','992-43-5127','864448675
5/10/2015','Melissa','Cox','72093 Arizona Plaza','47384','717-21-6794','476674269
4/8/2015','Annie','Crawford','70 Melby Street','47386','658-12-1359','283236779
2/7/2015','Mildred','Hernandez','92204 Killdeer Way','47396','744-80-7146','769550255
8/28/2014','Rachel','Fisher','22255 Graceland Lane','47003','727-24-9469','186360111
4/24/2015','Lisa','Rice','981 Warrior Pass','47010','651-94-4220','977619614
12/21/2014','Cheryl','Gibson','658 Eastwood Center','47012','635-55-5023','491182
6/8/2014','Ann','Nelson','44 Claremont Plaza','47016','200-58-9326','939140637
6/11/2014','Evelyn','Holmes','280 Moulton Court','47022','458-00-1938','551651630
3/5/2015','Lois','Ellis','082 Erie Lane','47024','994-84-3569','703893866
6/30/2014','Donna','Ray','36 Blaine Road','47025','835-35-6817','429858934
3/26/2015','Dorothy','Oliver','800 Marquette Crossing','47030','983-18-4208','940573672
10/23/2014','Norma','Evans','89 Summit Avenue','47041','594-46-0901','278095198
7/20/2014','Elizabeth','Dunn','400 Twin Pines Park','47060','365-31-2244','193563495
6/11/2014','Marilyn','Shaw','3852 Miller Circle','47320','870-70-1989','963339459
11/15/2014','Lori','Simpson','4 Hovde Road','47325','803-81-5324','410350663
12/19/2014','Laura','Gonzales','55869 Dayton Street','47327','962-14-5100','915376689
8/27/2014','Donna','Castillo','29 Surrey Plaza','47330','268-16-2749','22430834
7/23/2014','Sarah','Mason','43200 Bartillon Parkway','47331','910-08-6539','787015565
2/16/2015','Kimberly','Dean','26414 Ohio Way','47339','868-94-0612','430533064
11/6/2014','Norma','Garrett','69 Village Drive','47340','199-83-3519','894445950
1/18/2015','Jennifer','Hall','4 3rd Circle','47341','371-66-9975','126213316
4/15/2015','Heather','Hernandez','2 Judy Way','47345','982-90-3341','389967134
8/5/2014','Doris','Ross','328 Lotheville Trail','47346','602-68-5610','63578301
7/25/2014','Annie','Robinson','2322 Sugar Plaza','47353','971-21-1394','527837892
10/1/2014','Kathleen','Hernandez','43 Mesta Alley','47354','925-83-8289','798712144
8/18/2014','Tammy','Stone','2691 Sutteridge Crossing','47355','551-81-9440','588782408
8/12/2014','Lois','Ramos','09 Darwin Parkway','47357','603-44-0442','937474082
4/18/2015','Cheryl','Banks','643 Twin Pines Pass','47358','964-31-2262','235536239
4/9/2015','Diana','Myers','8 Ohio Circle','47360','263-71-9270','581140511
5/3/2015','Doris','Nguyen','1075 Bobwhite Court','47368','357-56-4500','717807611
7/5/2014','Virginia','Cox','7373 Del Sol Trail','47373','211-94-7053','472744035
2/16/2015','Sandra','Washington','44374 Bonner Crossing','47374','510-00-6461','514778285
5/9/2015','Ruby','Harrison','2372 Grayhawk Alley','47380','109-79-2942','495777820
11/3/2014','Barbara','Reed','32266 Heffernan Avenue','47382','729-26-9833','568417930
3/3/2015','Theresa','Stanley','0399 5th Place','47390','441-55-2187','893994901
6/20/2014','Bonnie','Stone','517 Utah Park','47392','235-46-0015','527650811
10/11/2014','Anne','Jenkins','47 Bartelt Junction','47393','238-93-8878','12098799
10/14/2014','Janet','Sanders','32758 Luster Court','47394','367-43-0755','622992369
6/29/2014','Deborah','Gonzales','02 Autumn Leaf Parkway','46040','751-46-7189','608743442
10/30/2014','Nancy','Ruiz','91 Northridge Place','46055','588-42-9522','854925205
8/21/2014','Robin','Harris','6 Sheridan Trail','46056','978-58-3996','290968778
3/1/2015','Lori','Ortiz','3987 Veith Court','46064','612-95-3038','629317130
7/16/2014','Martha','Reynolds','45 Sheridan Road','46110','841-21-2454','565410717
1/13/2015','Catherine','Peters','6 Northridge Point','46115','321-99-6455','150714375
4/13/2015','Gloria','Pierce','40 Parkside Parkway','46117','814-50-0406','200331519
4/25/2015','Laura','Kelly','8 Corben Drive','46126','455-61-8824','801913002
6/25/2014','Christine','Dixon','21947 Cardinal Hill','46130','251-03-3660','730614139
2/3/2015','Cheryl','Jordan','2577 Sommers Way','46140','930-52-1066','841295200
9/23/2014','Sandra','Perez','44700 Emmet Plaza','46161','232-30-0696','698230126
12/21/2014','Betty','Elliott','2 Dryden Park','46162','325-79-0315','738341426
12/3/2014','Sarah','Matthews','61 Kipling Trail','46163','821-29-0386','997625488
1/1/2015','Ruby','Gutierrez','90 Sloan Circle','46176','802-35-1935','337351021
2/12/2015','Angela','Moore','541 Warner Center','46186','638-83-6899','584516215
9/28/2014','Lisa','Day','1268 Emmet Trail','46218','949-00-4688','476856148
10/23/2014','Jessica','Jackson','4956 Thompson Way','46219','691-58-0290','316979037
9/4/2014','Rose','Sims','71 Pennsylvania Trail','46226','137-69-3611','848185216
1/18/2015','Doris','Watkins','0753 Bayside Court','46229','486-03-0935','749151129
9/8/2014','Paula','Rogers','84128 Holy Cross Terrace','46259','542-19-2233','72340104
11/1/2014','Elizabeth','Ellis','8710 Heath Center','47384','136-57-8377','511794592
1/3/2015','Michelle','Matthews','749 Wayridge Road','46032','830-03-2614','155797230
12/18/2014','Donna','Peterson','2374 Oxford Pass','46074','838-47-2995','806764992
10/10/2014','Rebecca','Ferguson','05 Almo Court','46077','574-42-8307','383663034
7/20/2014','Sarah','Ramirez','71 Grasskamp Plaza','46214','600-49-8745','151125176
10/12/2014','Kathleen','Wright','027 John Wall Hill','46224','599-89-1598','506275040
1/3/2015','Nancy','Burton','24 Maple Wood Alley','46231','447-14-4436','205125326
10/2/2014','Rachel','Ross','82733 East Street','46234','520-29-9033','293997195
11/6/2014','Andrea','Brown','88 Fisk Plaza','46254','935-31-1620','304353066
3/3/2015','Amy','Day','0 Anhalt Drive','46268','752-50-2763','370950494
9/19/2014','Janice','Carr','87 Evergreen Center','46278','306-91-1861','202025005
7/28/2014','Teresa','Jenkins','71 Carberry Parkway','46032','259-39-6344','470399032
5/27/2014','Jane','Fields','98887 Lyons Center','46033','120-29-3284','278472610
12/7/2014','Bonnie','Phillips','89 Utah Junction','46037','485-84-7044','892276745
6/20/2014','Diana','Bennett','3 Hansons Avenue','46038','441-70-8779','781946827
12/27/2014','Anne','Matthews','86 Merrick Road','46205','666-40-1794','801224173
1/25/2015','Jacqueline','Coleman','3453 Southridge Drive','46208','884-94-9556','502258828
4/4/2015','Barbara','Green','66 Summit Alley','46220','997-78-2035','294160125
5/30/2014','Julia','Roberts','4 Tennyson Park','46226','330-64-3392','398053286
8/24/2014','Louise','Weaver','81938 Westridge Hill','46240','526-98-4445','184813782
6/5/2014','Judith','Wallace','24 Bowman Parkway','46250','829-00-3124','904528463
5/3/2015','Doris','Alexander','573 Lunder Road','46256','755-14-7974','993316497
11/23/2014','Frances','Price','86 Mendota Hill','46260','332-86-8478','113792010
3/11/2015','Heather','Berry','02 Butternut Trail','46280','481-50-1878','619681660
7/11/2014','Ruth','Shaw','44 Moland Avenue','46290','262-15-2063','203724120
2/11/2015','Helen','Jacobs','2 Larry Hill','46037','646-21-8842','694525393
9/8/2014','Diana','Elliott','206 Reinke Drive','46038','744-44-2013','688653530
11/14/2014','Ruth','Thomas','00687 Ohio Plaza','46040','979-98-5907','363381518
11/23/2014','Teresa','Perez','7 Killdeer Lane','46055','337-60-4926','768207646
7/14/2014','Lois','Parker','55 Forster Circle','46060','302-23-1766','428155320
2/14/2015','Cheryl','Hernandez','028 Lakeland Hill','46216','662-02-1752','369680823
12/29/2014','Christina','Jackson','97666 Di Loreto Road','46220','476-61-1745','649054265
9/1/2014','Alice','Hudson','6073 Grover Park','46226','649-92-8784','209787872
7/20/2014','Diana','Perez','647 Hovde Crossing','46235','670-37-3726','436723549
7/19/2014','Jean','Kennedy','6118 Clemons Place','46236','826-57-6783','179918726
2/12/2015','Beverly','Boyd','9066 Mayer Avenue','46240','487-87-1448','368720064
11/21/2014','Dorothy','Oliver','22 Utah Park','46250','967-34-7475','414266247
6/24/2014','Kelly','Burns','6 Waywood Plaza','46256','637-55-1948','114989913
11/8/2014','Kathy','Adams','05336 Lotheville Crossing','46107','304-78-4330','107990287
10/25/2014','Debra','Woods','07670 Arapahoe Parkway','46201','947-28-9309','280399197
8/26/2014','Paula','Gonzales','52569 Grayhawk Avenue','46203','625-54-6776','560421278
8/21/2014','Susan','Dean','457 Stang Hill','46219','318-26-8698','348618862
7/23/2014','Julia','Griffin','6781 Fair Oaks Terrace','46227','763-49-6367','60339478
7/14/2014','Tina','Mills','0 Scott Street','46229','744-83-9858','157349673
5/15/2014','Kimberly','Gordon','9 Monterey Alley','46237','972-74-2863','293930422
2/26/2015','Evelyn','Jordan','72531 East Street','46239','615-70-2194','175635721
8/10/2014','Elizabeth','Pierce','9 Magdeline Center','46259','562-99-8164','809960883
5/15/2014','Rose','Alexander','88409 Thierer Avenue','46202','519-97-5749','315890159
10/2/2014','Shirley','Hill','541 Elmside Lane','46204','439-99-6159','55960820
5/18/2014','Laura','Sims','11 Di Loreto Street','46205','131-19-4654','894714688
4/19/2015','Karen','Simpson','8306 Evergreen Place','46208','197-16-8638','935564443
1/15/2015','Carolyn','Jacobs','7 Lakewood Gardens Hill','46220','236-98-9926','988274040
1/2/2015','Heather','Romero','4445 Mayer Road','46222','543-86-6947','991977954
12/26/2014','Rebecca','Garrett','96 Haas Avenue','46224','992-08-6075','661767574
11/25/2014','Sara','Foster','4946 Dawn Place','46228','356-73-7718','944152065
3/1/2015','Heather','Hill','94 Heath Court','46254','170-10-1274','944398281
1/31/2015','Amanda','Welch','79517 Arrowood Alley','46260','709-91-2136','760270094
12/23/2014','Paula','Bell','7079 Duke Hill','46268','296-41-1780','196275768
11/28/2014','Patricia','Gilbert','07706 Green Ridge Terrace','46201','381-61-2317','138143330
9/10/2014','Kathleen','Hanson','48 Dixon Lane','46202','101-21-2876','482801475
12/17/2014','Jacqueline','Bailey','47655 Dunning Road','46204','821-26-2818','698995667
6/11/2014','Marie','Wilson','084 Jenifer Center','46205','349-06-6774','852362544
6/6/2014','Pamela','Thomas','546 Rieder Avenue','46218','892-69-4794','981631643
5/24/2014','Janet','Reyes','37 Nelson Center','46219','879-81-1498','820041651
12/27/2014','Jennifer','Jenkins','163 Di Loreto Place','46220','356-66-1493','420369338
1/11/2015','Norma','Simmons','18 Blue Bill Park Terrace','46226','432-55-8204','955440275
12/7/2014','Shirley','Price','4 Hoard Way','46229','124-24-1527','219088202
7/9/2014','Kimberly','Young','3276 Northport Point','46235','182-86-6045','350832423
5/3/2015','Cynthia','Ortiz','27 Montana Avenue','46113','226-74-2931','42928793
2/2/2015','Deborah','Chavez','9173 Russell Road','46118','177-73-8514','994224953
1/29/2015','Kimberly','Hicks','48 Mifflin Road','46122','348-75-5786','573849623
6/12/2014','Nicole','Sims','553 Jana Park','46158','867-22-2714','79761920
10/7/2014','Kathy','Hughes','61822 Old Gate Drive','46168','755-04-2876','463763058
10/4/2014','Karen','Hayes','41978 International Hill','46214','423-70-4772','657669686
6/4/2014','Jennifer','Harrison','9005 Lakeland Road','46217','308-28-8336','160192008
12/29/2014','Teresa','Bennett','679 Carioca Crossing','46221','876-55-8093','875931634
6/10/2014','Mary','Bowman','04877 Veith Parkway','46222','305-31-0594','519420803
8/30/2014','Doris','Richards','0633 Bowman Junction','46224','314-47-2803','798107094
9/19/2014','Deborah','Dunn','94495 Haas Way','46231','924-11-5806','164667464
10/30/2014','Lillian','Greene','41943 Rigney Junction','46234','752-31-2247','477476752
3/7/2015','Kelly','Banks','71630 Kennedy Hill','46241','727-32-3771','782477107
10/20/2014','Debra','Watkins','52 Morrow Way','46106','192-35-1323','339816613
9/13/2014','Ruby','Clark','57 Veith Place','46107','307-66-8860','671365460
2/12/2015','Teresa','Williamson','28 Eagan Junction','46142','515-39-6859','424404039
4/4/2015','Angela','Simmons','4 Eagle Crest Avenue','46143','103-78-8127','9574643
5/23/2014','Cynthia','Simpson','96 Bellgrove Lane','46201','808-57-0331','116840643
2/23/2015','Joyce','Larson','6 Golden Leaf Plaza','46202','605-41-3384','171651238
12/2/2014','Jacqueline','Ross','3 Kinsman Center','46203','710-69-1687','291933821
8/26/2014','Bonnie','Harris','65 Eliot Junction','46204','964-36-2459','21703492
12/10/2014','Kathy','Wells','045 Arkansas Court','46217','621-53-1516','373723763
10/10/2014','Joyce','Chavez','93 Village Hill','46221','307-50-4306','438828417
1/26/2015','Nancy','Reynolds','0033 Bunting Road','46222','539-36-5825','527577497
2/5/2015','Michelle','Day','570 Sachtjen Point','46225','534-13-7216','177069315
4/5/2015','Jane','West','29872 Macpherson Pass','46227','377-81-9128','245404340
10/22/2014','Marilyn','Warren','1147 Service Way','46237','256-19-8934','215218955
8/17/2014','Maria','Brown','5 Melody Lane','46106','620-21-6627','188891455
4/5/2015','Virginia','Harper','95442 Riverside Pass','46113','510-95-0918','693896490
11/11/2014','Nicole','Carroll','1 Laurel Point','46118','425-72-5005','710489770
7/26/2014','Michelle','Lee','72 Kings Court','46120','320-35-0267','200387192
7/25/2014','Andrea','Johnson','26778 Sycamore Circle','46121','129-08-3541','867229947
1/30/2015','Martha','Long','86 Maple Wood Terrace','46128','959-23-2677','871595735
5/14/2014','Michelle','Bell','7301 Swallow Point','46131','463-40-5823','169306036
11/24/2014','Margaret','Lawrence','855 Mallory Road','46135','806-81-4523','548741513
1/12/2015','Julia','Martinez','2 Nova Drive','46142','639-31-8897','724976725
7/10/2014','Karen','Ortiz','042 Red Cloud Court','46143','750-25-9793','240918411
3/19/2015','Phyllis','Hunt','23082 Ramsey Junction','46151','489-59-2438','610713118
6/19/2014','Sarah','Garrett','73671 Clyde Gallagher Terrace','46157','807-03-2694','409390068
7/25/2014','Robin','Foster','373 Monica Plaza','46158','330-25-1549','592974725
7/16/2014','Virginia','Garcia','8469 Briar Crest Center','46160','291-50-7357','960588536
6/26/2014','Mary','Stone','8979 Northport Plaza','46166','260-99-8943','804015930
6/10/2014','Lillian','Carter','888 Golden Leaf Street','46171','106-84-1880','990051192
5/30/2014','Mildred','Webb','5224 Boyd Pass','46180','598-42-0603','861325710
8/4/2014','Robin','Butler','047 Larry Alley','46181','531-65-9610','793450497
1/28/2015','Ruby','Fisher','71 Farragut Crossing','47433','326-78-6597','715044375
7/17/2014','Pamela','Mccoy','03022 1st Place','47456','935-11-6141','357275670
3/1/2015','Shirley','Rose','61878 Fulton Hill','47460','376-42-4365','192697514
6/30/2014','Janice','Ellis','84668 Fremont Terrace','47868','587-04-8798','212817395
10/31/2014','Melissa','Garrett','5664 Sullivan Hill','47802','599-33-0784','747354884
1/13/2015','Amanda','Bradley','14697 Redwing Center','47803','968-88-0232','813877649
7/5/2014','Debra','Kim','01745 Valley Edge Lane','47804','154-73-1811','314322507
11/8/2014','Diane','Dean','02 New Castle Junction','47805','263-06-4599','708983035
2/27/2015','Marilyn','Ramirez','9 Twin Pines Plaza','47807','330-89-1499','675752354
8/20/2014','Lisa','Barnes','899 Heath Pass','47809','315-89-7946','965614837
5/21/2014','Mildred','Riley','9 Pepper Wood Pass','47834','573-06-0148','678846642
11/24/2014','Cheryl','Howard','604 Gina Point','47837','537-15-1973','600650052
6/8/2014','Carolyn','Ruiz','8131 Manufacturers Lane','47840','375-50-5771','303991421
9/22/2014','Julie','Williamson','64250 Clemons Trail','47842','562-69-2404','416231216
4/25/2015','Sarah','Carpenter','3 Hayes Street','47846','960-22-5279','983790606
11/19/2014','Bonnie','Rodriguez','5 Bashford Alley','47850','659-69-4865','90490284
9/29/2014','Jacqueline','Ferguson','96 Lindbergh Parkway','47858','555-57-8894','399736894
3/15/2015','Teresa','Cunningham','0445 Schlimgen Lane','47866','873-89-3101','889552993
10/15/2014','Betty','Ford','42 Corry Plaza','47868','369-11-4253','113620208
6/15/2014','Kathleen','Martin','70 Blue Bill Park Terrace','47874','599-11-8133','139683850
3/21/2015','Donna','Crawford','153 Marquette Crossing','47885','675-97-4631','418112911
11/25/2014','Louise','Robertson','61433 4th Center','47404','686-68-1629','794324785
4/6/2015','Carol','Medina','83316 Village Green Circle','47424','462-88-5501','589557137
10/4/2014','Louise','Hall','167 Kings Point','47427','230-85-7154','100360207
7/11/2014','Maria','Fields','5724 Acker Pass','47431','449-84-2315','587114469
8/22/2014','Elizabeth','Walker','27823 Hoepker Way','47433','221-81-2936','15996743
1/15/2015','Janet','Bryant','0063 Eagle Crest Crossing','47438','643-58-3423','136586698
5/25/2014','Janice','Williamson','24196 Farragut Junction','47441','278-89-3849','885792202
12/13/2014','Beverly','Hernandez','358 Aberg Court','47443','822-71-6097','718959721
2/3/2015','Martha','Ortiz','897 Moland Place','47449','881-71-7282','906115433
7/15/2014','Nancy','Howard','57215 Goodland Alley','47453','718-27-1584','520943692
7/12/2014','Barbara','George','6 Jenifer Street','47459','381-12-0036','713252102
11/9/2014','Nicole','Owens','41604 Pond Junction','47460','848-96-1817','595767056
6/18/2014','Ruby','Foster','45 Dovetail Drive','47462','937-36-1819','498854233
5/12/2015','Dorothy','Hamilton','7 Village Green Lane','47465','314-18-9600','846536570
3/13/2015','Jessica','Coleman','1 Talmadge Place','47470','434-16-9759','432781822
8/21/2014','Evelyn','Fisher','29471 West Park','47471','476-99-5157','91760332
9/29/2014','Brenda','Stephens','49455 Northview Court','47501','402-10-7747','952763113
4/12/2015','Joyce','Hill','12275 Nevada Court','47512','936-32-4676','99809923
8/15/2014','Kelly','Duncan','95094 Sage Street','47516','253-69-1452','385858250
9/7/2014','Debra','Cole','7651 Sunbrook Street','47519','533-75-5732','41568041
6/30/2014','Linda','Medina','0 Mariners Cove Pass','47522','156-46-2351','904853001
12/9/2014','Mildred','Anderson','665 Garrison Place','47528','116-71-7303','697508362
4/27/2015','Lois','Young','5 Elgar Lane','47529','421-98-1485','392977203
8/6/2014','Ruth','Peterson','9 Monterey Pass','47553','581-53-9285','864911656
3/28/2015','Amanda','Wallace','02 Farmco Lane','47558','877-26-5440','411653054
1/7/2015','Alice','Jenkins','0390 Dovetail Place','47561','813-78-5405','375869395
9/5/2014','Jennifer','Fernandez','69264 West Park','47562','540-04-4967','713773855
1/24/2015','Jessica','Powell','22 Sunnyside Junction','47568','482-60-7609','509997906
9/16/2014','Ann','Little','28696 Hoepker Avenue','47578','363-27-1738','999102964
5/22/2014','Julie','Lawrence','7872 Washington Court','47581','733-86-9958','477581702
5/9/2015','Margaret','Adams','6324 Hovde Junction','47591','983-83-6490','348026877
12/25/2014','Virginia','Larson','88 Marquette Parkway','47833','348-04-2720','816418257
12/20/2014','Sandra','Fields','78 Londonderry Court','47834','683-36-4033','50094797
4/3/2015','Marie','Mcdonald','3 Anniversary Place','47838','343-58-5484','509813273
9/18/2014','Jacqueline','Hanson','67 Fordem Circle','47840','477-14-1560','481414241
1/21/2015','Ann','Pierce','86763 Oxford Street','47841','311-10-4311','474667861
11/28/2014','Cynthia','Harvey','83 Arapahoe Center','47846','983-19-2840','896806341
12/9/2014','Martha','Reid','86091 Northwestern Terrace','47848','676-35-2627','138244644
7/4/2014','Donna','Castillo','74 Almo Park','47849','211-54-4833','946323600
11/14/2014','Jessica','Garza','67029 Ramsey Hill','47850','113-26-2475','316232933
10/24/2014','Rachel','Spencer','57 Lukken Plaza','47858','920-18-5773','947746954
1/19/2015','Bonnie','Daniels','166 Bay Park','47861','338-54-2981','768046715
11/21/2014','Julie','Perry','0 Union Hill','47868','971-25-2149','959544074
9/19/2014','Lois','Richards','2315 Atwood Street','47879','584-14-9125','762950919
3/16/2015','Donna','Fisher','86218 Village Circle','47882','256-60-0766','496416054
3/26/2015','Betty','Montgomery','0455 Kim Center','46151','416-04-0805','557427521
5/14/2014','Lois','Russell','2 Talmadge Hill','47401','892-15-1689','655129896
5/26/2014','Dorothy','Kennedy','29386 Continental Alley','47403','717-51-0672','733769857
7/14/2014','Sandra','Warren','148 Farwell Trail','47404','866-43-9062','939240945
6/13/2014','Diane','Woods','558 Onsgard Place','47405','512-18-2178','572267788
10/25/2014','Doris','Morris','691 Dayton Road','47406','229-50-8340','381717382
1/15/2015','Jessica','Walker','771 Stone Corner Avenue','47408','502-87-2470','572014038
6/10/2014','Dorothy','Meyer','045 Linden Terrace','47429','548-82-2194','451807230
5/8/2015','Louise','Phillips','97160 Chinook Avenue','47433','399-11-3296','125415513
12/2/2014','Jessica','Gutierrez','4248 Pine View Plaza','47448','968-62-7811','657714428
6/28/2014','Nancy','Evans','9 Buell Way','47460','944-74-2966','490988828
12/4/2014','Sara','Fields','576 Larry Drive','47468','655-83-9179','696132811
11/30/2014','Rose','Washington','1380 Gateway Way','46124','517-46-4124','718956663
3/27/2015','Diana','Hall','17 Ridgeway Park','46131','375-31-4936','358095371
3/28/2015','Theresa','Lopez','67 Blackbird Road','46142','290-76-4007','696895469
1/3/2015','Angela','Alexander','66 Annamark Drive','46143','562-48-1050','372986296
11/18/2014','Amy','Thomas','882 Schlimgen Circle','46162','974-14-2189','416602098
5/19/2014','Louise','Stanley','771 Oak Center','46164','437-01-1771','718605165
1/10/2015','Dorothy','Stone','76462 Schmedeman Alley','46181','450-62-1983','868011642
9/5/2014','Christina','Bradley','123 Maple Street','46184','647-47-4544','763983372
10/8/2014','Rose','Nelson','3430 Sutteridge Hill','46259','956-94-0172','671409830
2/7/2015','Linda','Gomez','8420 Prairie Rose Plaza','47201','694-55-5875','301239125
9/5/2014','Mary','Hudson','25 Waubesa Point','47203','742-12-0309','372975073
1/4/2015','Evelyn','Martinez','29797 Toban Terrace','47234','997-44-0659','63959917
11/22/2014','Barbara','Mendoza','9 Erie Street','47246','321-43-4261','149924660
4/27/2015','Lois','Wilson','61 Basil Alley','46056','714-82-8028','411625404
1/26/2015','Rachel','Lewis','003 Mitchell Crossing','46104','708-13-4909','422497638
4/25/2015','Stephanie','Tucker','81639 Warrior Place','46115','962-36-6601','134210402
11/29/2014','Anna','Elliott','39 Green Hill','46117','301-86-0401','873565176
7/10/2014','Marie','Shaw','02230 Mcbride Crossing','46124','723-73-4200','611567835
10/26/2014','Rose','Cox','091 Pleasure Trail','46127','196-76-7100','575190470
12/16/2014','Kathleen','Sims','5 Delladonna Alley','46131','617-25-5292','138089876
8/6/2014','Nicole','Gibson','59740 Anhalt Place','46133','412-56-4819','112534877
11/7/2014','Sharon','Mcdonald','063 Schurz Drive','46140','399-48-0727','952115809
9/13/2014','Louise','Nguyen','10 Pleasure Alley','46148','757-22-8149','159623766
8/19/2014','Kimberly','Carr','31153 Brown Avenue','46150','764-11-9301','674966646
2/7/2015','Angela','Jordan','8145 Karstens Way','46155','393-68-6286','941843133
3/9/2015','Amanda','Rose','462 3rd Parkway','46156','368-95-5233','416808712
4/6/2015','Ann','Carr','262 Kim Place','46161','451-49-5267','159416299
11/30/2014','Judith','Marshall','48 Northwestern Street','46162','697-11-0440','832786852
6/17/2014','Shirley','Warren','64 Fordem Junction','46173','158-82-9520','938393468
6/9/2014','Jacqueline','Bell','4 Hauk Lane','46176','446-58-8779','285042713
4/25/2015','Susan','Knight','03089 Porter Lane','46182','215-74-1317','190099058
2/6/2015','Jean','Wallace','56318 Dryden Avenue','46186','309-05-1001','607553464
3/22/2015','Melissa','Hamilton','8 Grover Trail','47006','569-14-9815','893559258
10/3/2014','Phyllis','Fields','58104 Scoville Plaza','47012','327-52-1426','918553378
10/4/2014','Jennifer','Washington','96254 Mitchell Plaza','47024','154-59-5196','214742395
11/10/2014','Sarah','Porter','05 Sycamore Alley','47030','118-82-9289','596353720
8/28/2014','Beverly','Jacobs','3288 Petterle Place','47036','478-75-3587','134497017
6/4/2014','Robin','Payne','22 Hermina Place','47041','633-40-8009','211958477
3/28/2015','Mary','Henry','05563 Stone Corner Pass','47234','519-83-6507','904059616
12/3/2014','Julia','Harrison','856 Surrey Place','47240','424-95-9416','432863788
12/15/2014','Lois','Garza','64294 Dapin Avenue','47272','164-15-4236','578916387
2/13/2015','Brenda','White','7774 Meadow Ridge Terrace','47325','684-35-4622','818509199
12/6/2014','Paula','Larson','2 Comanche Park','47327','905-83-3914','10082582
1/30/2015','Joyce','Clark','256 Cherokee Park','47331','451-58-0990','903300656
4/20/2015','Barbara','Hall','921 Portage Crossing','47346','285-10-1322','315324341
7/25/2014','Janet','Foster','054 Roth Drive','47352','973-17-7696','508930274
10/22/2014','Marie','Ross','71905 Cordelia Place','47356','858-37-0094','212191806
5/10/2015','Phyllis','Knight','66 Northwestern Terrace','47357','693-07-0648','949345978
6/7/2014','Karen','Williamson','4 Pennsylvania Pass','47360','122-78-5995','263934578
9/4/2014','Marie','Peterson','3 Northwestern Street','47362','304-88-9266','747292432
4/5/2015','Carol','Clark','03 International Parkway','47384','102-61-3253','873780098
12/29/2014','Betty','Grant','535 Del Sol Pass','47385','463-16-6404','559308777
12/27/2014','Frances','Banks','61320 Kipling Center','47387','203-71-8752','386010445
3/17/2015','Ann','Snyder','5 Charing Cross Crossing','47001','131-13-2483','193879534
6/2/2014','Frances','Coleman','44643 Melvin Lane','47006','247-37-0160','298775803
1/10/2015','Jennifer','Hanson','849 Meadow Vale Park','47011','596-78-0293','295122469
3/13/2015','Anna','Dixon','4 Linden Crossing','47017','963-04-0143','45548464
5/10/2015','Helen','Oliver','47 Burrows Avenue','47018','668-48-1986','835542063
6/9/2014','Joyce','Cox','27 Blackbird Terrace','47022','147-71-9484','735054895
6/6/2014','Barbara','Washington','4793 Parkside Crossing','47023','613-81-6148','721456662
7/14/2014','Patricia','Wright','4 Kenwood Junction','47025','160-78-8085','170418826
8/23/2014','Martha','Patterson','855 Spohn Street','47031','823-67-0331','748648496
7/26/2014','Teresa','Miller','84 8th Hill','47032','535-92-7462','383120968
12/17/2014','Deborah','Reyes','4 Lindbergh Way','47037','661-83-7334','824692129
5/6/2015','Catherine','Nelson','07 Leroy Junction','47040','523-80-8201','144126649
10/3/2014','Phyllis','Baker','17077 Clemons Trail','47041','823-68-2824','279355483
12/29/2014','Julie','Roberts','27 Manitowish Street','47042','466-53-0534','825744871
11/14/2014','Rachel','Cox','61258 Oriole Way','47060','543-23-7106','397509562
4/20/2015','Maria','Collins','61811 Barnett Court','47201','240-33-7454','876395241
6/18/2014','Robin','Montgomery','2 Drewry Point','47203','793-10-0597','988455917
1/9/2015','Norma','Sullivan','72895 Schlimgen Place','47223','872-11-2307','220298075
6/14/2014','Lillian','Hamilton','6 Anhalt Drive','47224','765-91-7474','286264527
1/22/2015','Lillian','Owens','770 Quincy Trail','47227','847-74-0928','585595375
1/8/2015','Frances','Scott','00 Cody Crossing','47229','944-63-2764','643544143
7/7/2014','Robin','Hamilton','0 Shelley Court','47230','377-26-9306','277824559
11/5/2014','Mary','George','53 Esker Terrace','47231','406-26-4166','779804184
12/17/2014','Jean','Hamilton','858 Orin Parkway','47232','924-08-9408','824719558
3/30/2015','Pamela','Webb','61 Coolidge Avenue','47236','906-74-0419','122177087
12/14/2014','Nancy','Richards','1 Dayton Pass','47240','552-69-3271','910333526
4/20/2015','Anna','Fox','40 Caliangt Trail','47244','617-87-8931','477027096
6/21/2014','Helen','Howell','36 Utah Crossing','47246','110-69-3342','429283643
9/22/2014','Deborah','Chapman','8 Lakewood Gardens Trail','47250','618-38-9311','995520067
7/10/2014','Beverly','Hughes','835 Corben Terrace','47265','138-69-3014','455959856
12/29/2014','Maria','Coleman','1634 Hanover Way','47270','275-07-9543','576258727
12/24/2014','Katherine','Gilbert','4 Springview Parkway','47272','864-67-1295','929357571
9/3/2014','Joyce','Tucker','8931 Vera Trail','47273','379-11-9639','306288859
11/24/2014','Rachel','Day','549 Stephen Alley','47274','374-22-3781','172847800
10/14/2014','Janet','Matthews','5245 Huxley Parkway','47282','739-19-4689','473283713
4/9/2015','Judy','Roberts','0 Monica Crossing','47283','126-10-9013','314184064
12/19/2014','Robin','Jones','413 Mandrake Parkway','46160','471-53-9473','630514589
2/19/2015','Doris','Garcia','64766 Manufacturers Circle','46164','452-29-6867','612115155
9/19/2014','Rose','Bailey','970 Elka Way','46181','300-16-3780','821909070
2/15/2015','Laura','Price','00016 Fisk Alley','47201','367-93-9269','620074855
8/29/2014','Anna','Reid','71229 Tony Plaza','47203','820-97-9941','448944188
9/18/2014','Brenda','Harris','260 Farwell Plaza','47220','872-11-7000','3839560
12/5/2014','Andrea','Thompson','6389 Manley Park','47235','647-70-6275','967684589
10/20/2014','Julia','Torres','6062 Granby Circle','47260','403-41-4795','944865530
5/21/2014','Sara','Mason','35718 Sage Point','47264','330-04-7262','129159639
7/11/2014','Frances','Lane','03 Ryan Way','47274','421-96-0524','236009010
3/25/2015','Stephanie','Jacobs','51 Buena Vista Circle','47281','854-26-8037','433530766
1/22/2015','Cheryl','Carter','550 Cordelia Parkway','47401','684-83-5468','882484785
7/23/2014','Martha','Carr','9 Lunder Park','47403','449-50-1434','887145798
12/27/2014','Marilyn','Thompson','125 Ohio Parkway','47421','911-20-9855','191212971
10/27/2014','Katherine','Gomez','63 7th Terrace','47436','460-47-0390','106622596
6/2/2014','Dorothy','Walker','0166 Summit Pass','47446','814-93-4947','999577332
6/12/2014','Melissa','Stewart','76 Alpine Junction','47448','298-23-8464','980355599
3/9/2015','Emily','Chapman','90916 Monica Plaza','47451','232-23-9491','378462201
5/24/2014','Norma','Cruz','7593 Birchwood Crossing','47462','210-01-9810','234031044
2/3/2015','Anna','Bailey','45976 Transport Parkway','47468','608-70-4632','571904319
10/10/2014','Ashley','Davis','660 Boyd Court','47470','251-15-0520','594899716
2/18/2015','Brenda','Wallace','558 Lyons Terrace','47011','306-25-6845','445097374
10/13/2014','Brenda','Garza','9609 Eastwood Park','47017','529-33-6739','343543343
8/17/2014','Lori','Bryant','352 Dapin Alley','47020','209-26-3568','781985919
2/19/2015','Barbara','Romero','79781 Sherman Crossing','47038','547-63-8736','108338268
5/16/2014','Stephanie','Phillips','0903 Fairfield Junction','47040','454-39-9433','736811523
6/2/2014','Paula','Martinez','83610 Schlimgen Park','47043','811-70-7411','432104072
8/20/2014','Rachel','Hayes','7616 Myrtle Lane','47102','197-24-9184','45030273
12/10/2014','Martha','Weaver','78947 Novick Lane','47106','315-56-6085','602721620
3/26/2015','Catherine','Scott','404 Northland Hill','47111','780-57-6583','121076095
5/26/2014','Elizabeth','Roberts','7794 Emmet Place','47119','161-34-2968','676581452
4/6/2015','Sara','Black','199 Debra Pass','47126','800-12-1064','390269191
5/20/2014','Christine','Sanders','689 Blaine Lane','47130','538-54-6674','204094223
4/15/2015','Alice','Roberts','4770 8th Road','47138','969-78-7607','160827675
12/5/2014','Theresa','Wagner','29 Prairie Rose Hill','47141','615-66-5595','140759111
6/8/2014','Ruth','Johnston','474 Shopko Pass','47143','231-14-3210','242505921
10/20/2014','Ruth','Romero','90 Fallview Trail','47147','819-95-1663','140912208
9/22/2014','Heather','Hall','07661 Crescent Oaks Alley','47150','443-09-3934','853660923
2/14/2015','Christina','Johnston','83 Homewood Hill','47162','788-15-5023','994352754
7/31/2014','Michelle','Peterson','2 Morrow Crossing','47163','779-70-9276','495010528
2/5/2015','Pamela','Myers','655 Corben Center','47165','209-93-9567','149622710
4/7/2015','Frances','Hanson','5617 Southridge Terrace','47170','918-61-9371','540277897
12/14/2014','Jennifer','Meyer','8 Cody Plaza','47172','114-95-3912','828515813
5/4/2015','Barbara','Rose','3131 Redwing Drive','47177','629-99-0436','380302093
3/25/2015','Sara','Peters','3418 Grasskamp Alley','47220','564-91-9176','453206830
9/8/2014','Ruth','Dixon','62680 Stoughton Terrace','47224','333-05-4997','27148808
8/14/2014','Mary','Fuller','52054 Waubesa Trail','47227','941-34-9665','338097137
7/31/2014','Nicole','Perry','58 South Plaza','47229','387-82-4097','182131843
3/3/2015','Sandra','Wilson','16 Roxbury Road','47230','244-68-5482','395594464
11/14/2014','Diane','Ruiz','53769 Gale Drive','47231','309-23-4516','516535164
3/2/2015','Nicole','Ward','7 Elgar Point','47243','123-09-8443','489217939
10/1/2014','Katherine','Frazier','1368 Banding Court','47250','631-05-3979','732497227
5/23/2014','Lois','Henderson','497 Redwing Junction','47270','254-76-9064','793647829
5/20/2014','Irene','Freeman','15 Dennis Hill','47274','369-85-8782','271120312
10/10/2014','Catherine','Gordon','525 Birchwood Parkway','47281','543-44-7928','28161038
2/16/2015','Kimberly','Bradley','3049 Mandrake Hill','47106','979-87-4443','791199401
8/10/2014','Janice','Mendoza','3 Hintze Pass','47117','595-08-4855','129359464
12/9/2014','Angela','Andrews','6 Cody Point','47119','356-77-2838','142732294
3/28/2015','Jacqueline','Cole','12396 Paget Plaza','47122','922-91-1390','896362118
12/29/2014','Kathleen','Ramirez','5 Vernon Point','47124','646-58-2389','138962085
2/25/2015','Evelyn','Murray','35 Green Ridge Hill','47129','565-63-2508','298290325
3/14/2015','Cheryl','Bradley','908 Harbort Terrace','47130','464-26-7170','866933169
9/6/2014','Margaret','Barnes','32 Hintze Place','47136','523-14-6866','648565154
9/20/2014','Anna','Montgomery','485 Pankratz Trail','47150','620-38-0784','258360496
7/21/2014','Gloria','Harper','4 Memorial Place','47164','327-53-8487','736185471
9/26/2014','Marie','Black','03176 Fairview Plaza','47165','639-67-1544','976682721
12/30/2014','Kathryn','Gardner','0042 Oriole Place','47172','345-34-8914','162759765
12/7/2014','Sandra','Hall','83014 Larry Hill','47106','170-97-1122','725101243
3/17/2015','Lori','Simmons','8223 Bluestem Trail','47108','194-05-4005','192203601
4/3/2015','Ruth','Jordan','99034 Chive Hill','47110','492-17-6221','615468122
6/27/2014','Julia','Anderson','13 Cascade Road','47112','666-26-0296','931601553
5/25/2014','Lillian','Chapman','6 Crest Line Point','47114','739-46-4618','919380573
5/4/2015','Melissa','Gilbert','2861 Pennsylvania Park','47115','460-43-1551','639772864
3/27/2015','Annie','Rogers','28239 Packers Park','47116','775-45-5306','285731909
4/30/2015','Sandra','Wagner','18196 Mallard Hill','47117','883-19-7514','700466003
2/7/2015','Jean','Mitchell','0197 2nd Center','47118','375-63-0687','810722941
12/9/2014','Sandra','Wells','85 Dakota Junction','47120','871-54-5864','258065567
3/21/2015','Teresa','Russell','25 Swallow Parkway','47122','934-88-8574','914425100
1/2/2015','Pamela','Parker','11453 Quincy Point','47123','209-28-9077','531882889
10/18/2014','Rachel','Nelson','7321 Becker Trail','47124','799-02-9576','837302976
8/15/2014','Rebecca','Little','64636 Amoth Pass','47125','734-97-9443','148379558
7/25/2014','Janet','Sanders','6887 Farwell Alley','47126','699-53-4422','542718102
1/20/2015','Marie','Willis','6 Melvin Lane','47135','600-27-7676','231571676
5/11/2015','Lori','Bryant','26 Russell Road','47136','268-39-4201','22425687
2/23/2015','Gloria','Coleman','52 Mallard Hill','47137','548-98-1564','868888305
9/27/2014','Judy','Ryan','5 Doe Crossing Way','47140','615-12-3332','709776486
3/2/2015','Lisa','Ray','82 Quincy Way','47142','607-44-9889','17521432
2/22/2015','Margaret','Schmidt','8 Dorton Road','47145','290-86-5675','793683568
4/14/2015','Debra','Alexander','249 Gateway Circle','47160','183-89-7339','300349434
12/6/2014','Maria','Bennett','71 Express Crossing','47161','202-44-0315','250132648
3/22/2015','Irene','Cole','452 Northridge Avenue','47164','825-32-0286','817209608
10/3/2014','Ruby','Butler','1018 Bashford Avenue','47165','785-98-7298','811487553
5/1/2015','Evelyn','Freeman','1 Orin Road','47166','591-96-3420','916425265
9/12/2014','Jean','Fisher','87 Becker Way','47167','532-69-0845','738895846
10/23/2014','Sara','Fowler','92223 Golden Leaf Point','47170','183-50-2211','969187694
12/23/2014','Amanda','Harris','88 Kenwood Pass','47174','310-85-7800','55088524
12/14/2014','Jane','Nichols','49 Mcguire Way','47175','569-75-2132','741176050
2/21/2015','Heather','Morales','68207 Elgar Center','47260','191-02-8767','559598291
10/3/2014','Mildred','Thomas','3978 Eastlawn Circle','47281','690-59-1696','887049438
11/16/2014','Sandra','James','187 Sugar Center','47432','412-70-8623','655422515
